accession,pubmed_id,pmc_id,raw_file_count,organism,taxids,experiment_types,pub_license,Reannotated,Reannotation_QC,spectral_file_types
PXD013338,31213602.0,PMC6581911,208,Drosophila melanogaster (fruit fly); Homo sapiens (human),7227; 9606,Chemical cross-linking coupled with mass spectrometry proteomics; Shotgun proteomics,CC BY,False,False,RAW
PXD014673,,,149,Homo sapiens (human),9606,Chemical cross-linking coupled with mass spectrometry proteomics,,False,False,RAW
PXD014675,31746214.0,PMC7010328,110,Homo sapiens (human),9606,Chemical cross-linking coupled with mass spectrometry proteomics,NO-CC CODE,False,False,MGF;RAW
PXD007513,30021884.0,,137,Homo sapiens (human),9606,Chemical cross-linking coupled with mass spectrometry proteomics,,False,False,RAW
PXD013209,31266943.0,PMC6606597,48,Mus musculus (mouse),10090,Shotgun proteomics; Affinity purification coupled with mass spectrometry proteomics,CC BY,False,False,RAW
PXD006131,28402676.0,PMC5436099,84,Homo sapiens (human),9606,Chemical cross-linking coupled with mass spectrometry proteomics,NO-CC CODE,False,False,RAW
PXD003913,27559607.0,,36,Homo sapiens (human),9606,Chemical cross-linking coupled with mass spectrometry proteomics,,False,False,RAW
PXD003909,27559607.0,,30,Homo sapiens (human),9606,Chemical cross-linking coupled with mass spectrometry proteomics,,False,False,RAW
PXD003754,27114452.0,PMC4937518,396,Homo sapiens (human),9606,Shotgun proteomics,CC BY,False,False,RAW
PXD015751,31747606.0,PMC6910234,245,Homo sapiens (human),9606,Chemical cross-linking coupled with mass spectrometry proteomics,CC BY-NC-ND,False,False,MZXML;RAW
PXD002378,26235782.0,PMC4532879,83,Homo sapiens (human),9606,Chemical cross-linking coupled with mass spectrometry proteomics,CC BY,False,False,RAW
PXD008550,,,114,Equus caballus (horse); Saccharomyces cerevisiae (baker's yeast); Gallus gallus (chicken); Homo sapiens (human); Chaetomium thermophilum; Bos taurus (bovine),9796; 4932; 9031; 9606; 209285; 9913,Chemical cross-linking coupled with mass spectrometry proteomics,,False,False,7Z;RAW;ZIP
PXD010892,30217814.0,,29,Saccharomyces cerevisiae (baker's yeast),4932,Chemical cross-linking coupled with mass spectrometry proteomics,,False,False,RAW
PXD011121,30293428.0,PMC6279313,35,Chaetomium thermophilum (strain dsm 1495 / cbs 144.50 / imi 039719); Homo sapiens (human),759272; 9606,Chemical cross-linking coupled with mass spectrometry proteomics,NO-CC CODE,False,False,RAW;ZIP
PXD002987,26560067.0,,31,Homo sapiens (human),9606,Chemical cross-linking coupled with mass spectrometry proteomics; Affinity purification coupled with mass spectrometry proteomics,,False,False,RAW
PXD003496,29046292.0,,124,Rattus norvegicus (rat),10116,Shotgun proteomics,,False,False,MZXML;RAW
PXD003593,27556644.0,PMC4996428,51,Homo sapiens (human),9606,Shotgun proteomics,CC BY,False,False,RAW
PXD004236,27834373.0,PMC5114622,117,Acinetobacter baumannii ab5075,1116234,Chemical cross-linking coupled with mass spectrometry proteomics,CC BY,False,False,RAW
PXD005349,28387473.0,,36,Homo sapiens (human),9606,Shotgun proteomics; Chemical cross-linking coupled with mass spectrometry proteomics; Affinity purification coupled with mass spectrometry proteomics,,False,False,RAW
PXD005948,28249160.0,PMC5424545,14,Saccharomyces cerevisiae (baker's yeast),4932,Chemical cross-linking coupled with mass spectrometry proteomics,author_manuscript,False,False,RAW
PXD008418,30575379.0,PMC6407916,37,Homo sapiens (human),9606,Chemical cross-linking coupled with mass spectrometry proteomics,NO-CC CODE,False,False,RAW
PXD006816,29222160.0,PMC5795388,87,Mus musculus (mouse),10090,Chemical cross-linking coupled with mass spectrometry proteomics,CC BY,False,False,RAW
PXD006707,29073188.0,PMC5658093,37,Saccharomyces cerevisiae (baker's yeast),4932,Chemical cross-linking coupled with mass spectrometry proteomics; Shotgun proteomics,CC BY,False,False,MGF;RAW
PXD008975,29676898.0,PMC5959040,16,Escherichia coli,562,Chemical cross-linking coupled with mass spectrometry proteomics,author_manuscript,False,False,MS2;MZXML;RAW
PXD009224,30415967.0,,66,Escherichia coli; Homo sapiens (human); Staphylococcus aureus,562; 9606; 1280,Chemical cross-linking coupled with mass spectrometry proteomics; Affinity purification coupled with mass spectrometry proteomics,,False,False,RAW
PXD011036,30651306.0,PMC6442367,124,Equus caballus (horse); Gallus gallus (chicken); Homo sapiens (human); Oryctolagus cuniculus (rabbit); Bos taurus (bovine),9796; 9031; 9606; 9986; 9913,Chemical cross-linking coupled with mass spectrometry proteomics,CC BY,False,False,APL;MGF;RAW
PXD011931,31572778.0,PMC6764163,46,Rattus norvegicus (rat); Homo sapiens (human); Bos taurus (bovine),10116; 9606; 9913,Chemical cross-linking coupled with mass spectrometry proteomics,NO-CC CODE,False,False,RAW
PXD011806,30609396.0,PMC6486830,75,Mus musculus (mouse),10090,Chemical cross-linking coupled with mass spectrometry proteomics; Affinity purification coupled with mass spectrometry proteomics,CC BY,False,False,RAW
PXD011995,31377116.0,,28,Homo sapiens (human); Caenorhabditis elegans,9606; 6239,Chemical cross-linking coupled with mass spectrometry proteomics; Gel-based experiment,,False,False,MGF;RAW
PXD012109,31363125.0,PMC6667459,15,Escherichia coli,562,Chemical cross-linking coupled with mass spectrometry proteomics,CC BY,False,False,RAW
PXD012546,31283178.0,,67,Drosophila melanogaster (fruit fly),7227,Chemical cross-linking coupled with mass spectrometry proteomics,,False,False,MZML;RAW
PXD011459,,,48,Homo sapiens (human); Schizosaccharomyces pombe,9606; 4896,Chemical cross-linking coupled with mass spectrometry proteomics; Shotgun proteomics,,False,False,APL;MGF;RAW
PXD013720,31527589.0,PMC6746756,34,Caenorhabditis elegans,6239,Shotgun proteomics,CC BY,False,False,RAW
PXD014759,32011863.0,,240,Saccharomyces cerevisiae (baker's yeast),4932,Chemical cross-linking coupled with mass spectrometry proteomics,,False,False,RAW
PXD015161,31535972.0,PMC6791687,27,Arabidopsis thaliana (mouse-ear cress),3702,Affinity purification coupled with mass spectrometry proteomics,CC BY,False,False,RAW
PXD014957,31803741.0,PMC6873792,67,Homo sapiens (human),9606,Chemical cross-linking coupled with mass spectrometry proteomics; Shotgun proteomics; Affinity purification coupled with mass spectrometry proteomics,CC BY,False,False,RAW
PXD014584,31851481.0,,46,Saccharomyces cerevisiae (baker's yeast),4932,Chemical cross-linking coupled with mass spectrometry proteomics,,False,False,RAW
PXD015160,32128395.0,PMC7030922,129,Mus musculus (mouse),10090,Chemical cross-linking coupled with mass spectrometry proteomics,CC BY,False,False,RAW
PXD010317,32128395.0,PMC7030922,114,Mus musculus (mouse),10090,Chemical cross-linking coupled with mass spectrometry proteomics,CC BY,False,False,RAW
PXD014055,,,113,Saccharomyces cerevisiae (baker's yeast),4932,Chemical cross-linking coupled with mass spectrometry proteomics,,False,False,RAW
PXD016554,32201362.0,,230,Saccharomyces cerevisiae (baker's yeast); Homo sapiens (human),4932; 9606,Chemical cross-linking coupled with mass spectrometry proteomics,,False,False,RAW
PXD009783,32138363.0,PMC7140434,314,Homo sapiens (human),9606,Affinity purification coupled with mass spectrometry proteomics,CC BY,False,False,RAW
PXD017620,32332106.0,PMC7338081,280,Saccharomyces cerevisiae (baker's yeast),4932,Chemical cross-linking coupled with mass spectrometry proteomics,CC BY,False,False,RAW
PXD016963,32250121.0,PMC7199212,77,Escherichia coli; Homo sapiens (human),562; 9606,Chemical cross-linking coupled with mass spectrometry proteomics,NO-CC CODE,False,False,RAW
PXD015863,32380061.0,PMC7263428,28,Homo sapiens (human),9606,Shotgun proteomics,author_manuscript,False,False,RAW;ZIP
PXD012350,30735346.0,PMC6943928,24,Homo sapiens (human),9606,Chemical cross-linking coupled with mass spectrometry proteomics; Gel-based experiment,author_manuscript,False,False,RAW
PXD017128,32144388.0,PMC7060178,13,Homo sapiens (human),9606,Chemical cross-linking coupled with mass spectrometry proteomics,CC BY,False,False,MGF;RAW
PXD015435,32561732.0,PMC7305180,211,Homo sapiens (human),9606,Chemical cross-linking coupled with mass spectrometry proteomics,CC BY,False,False,RAW
PXD018771,32994567.0,PMC7534832,122,Homo sapiens (human),9606,Chemical cross-linking coupled with mass spectrometry proteomics,NO-CC CODE,False,False,RAW
PXD019926,32643919.0,,235,Equus caballus (horse); Gallus gallus (chicken); Homo sapiens (human); Bos taurus (bovine),9796; 9031; 9606; 9913,Chemical cross-linking coupled with mass spectrometry proteomics,,False,False,RAW
PXD020119,32753727.0,PMC7403387,12,Macaca mulatta (rhesus macaque),9544,Shotgun proteomics,CC BY,False,False,RAW
PXD018580,,,47,Homo sapiens (human),9606,Shotgun proteomics,,False,False,RAW
PXD017244,,,36,Homo sapiens (human),9606,Chemical cross-linking coupled with mass spectrometry proteomics,,False,False,RAW
PXD010111,33264611.0,PMC8908386,32,Homo sapiens (human); Mus musculus (mouse),9606; 10090,Chemical cross-linking coupled with mass spectrometry proteomics,CC BY-NC-ND,False,False,RAW
PXD022279,33470097.0,PMC8849040,25,Homo sapiens (human),9606,Shotgun proteomics,author_manuscript,False,False,MS2;MZXML;RAW
PXD023022,33637534.0,PMC7909872,12,Arabidopsis thaliana (mouse-ear cress),3702,Chemical cross-linking coupled with mass spectrometry proteomics; Affinity purification coupled with mass spectrometry proteomics,CC BY-NC,False,False,RAW
PXD022690,33915260.0,PMC8214149,71,Saccharomyces cerevisiae (baker's yeast); Bos taurus (bovine),4932; 9913,Chemical cross-linking coupled with mass spectrometry proteomics,CC BY,False,False,RAW
PXD022675,,,123,Homo sapiens (human),9606,Chemical cross-linking coupled with mass spectrometry proteomics,,False,False,RAW
PXD019771,34142657.0,PMC8245127,18,Homo sapiens (human),9606,Chemical cross-linking coupled with mass spectrometry proteomics,CC BY,False,False,MGF;RAW
PXD026790,,,48,Sus scrofa domesticus (domestic pig),9825,Chemical cross-linking coupled with mass spectrometry proteomics,,False,False,RAW
PXD012788,,,57,Homo sapiens (human),9606,Chemical cross-linking coupled with mass spectrometry proteomics; Shotgun proteomics,,False,False,RAW
PXD019338,32719457.0,PMC7483821,65,Human immunodeficiency virus 1; Homo sapiens (human),11676; 9606,Chemical cross-linking coupled with mass spectrometry proteomics,NO-CC CODE,False,False,MGF;RAW
PXD027611,,,26,Mus musculus (mouse),10090,Affinity purification coupled with mass spectrometry proteomics,,False,False,RAW
PXD023487,34373319.0,PMC8403911,59,Homo sapiens (human),9606,Chemical cross-linking coupled with mass spectrometry proteomics,CC BY,False,False,RAW
PXD021115,34487489.0,PMC8510580,108,Homo sapiens (human),9606,Chemical cross-linking coupled with mass spectrometry proteomics,CC BY,False,False,RAW
PXD026433,34499065.0,,61,Chlamydomonas reinhardtii,3055,Shotgun proteomics; Chemical cross-linking coupled with mass spectrometry proteomics,,False,False,RAW
PXD029091,34836941.0,PMC8626422,12,Homo sapiens (human),9606,Affinity purification coupled with mass spectrometry proteomics,CC BY,False,False,RAW
PXD029034,34927332.0,PMC9303249,99,Homo sapiens (human); Mus musculus (mouse),9606; 10090,Chemical cross-linking coupled with mass spectrometry proteomics,CC BY,False,False,RAW
PXD025980,34774526.0,PMC8580555,18,Homo sapiens (human),9606,Chemical cross-linking coupled with mass spectrometry proteomics; Gel-based experiment,CC BY,False,False,RAW
PXD030063,35217606.0,PMC8892280,21,Homo sapiens (human),9606,Chemical cross-linking coupled with mass spectrometry proteomics,CC BY-NC-ND,False,False,RAW
PXD031114,,,112,Escherichia coli; Homo sapiens (human); Bacteria,562; 9606; 2,Shotgun proteomics; Chemical cross-linking coupled with mass spectrometry proteomics,,False,False,RAW
PXD031054,,,102,Homo sapiens (human),9606,Shotgun proteomics; Chemical cross-linking coupled with mass spectrometry proteomics,,False,False,MGF;RAW
PXD029252,35803948.0,PMC9270371,84,Escherichia coli,562,Chemical cross-linking coupled with mass spectrometry proteomics,CC BY,False,False,RAW
PXD031159,35252115.0,PMC8894327,33,Escherichia coli; Homo sapiens (human),562; 9606,Chemical cross-linking coupled with mass spectrometry proteomics,CC BY,False,False,MGF;MZML;RAW
PXD002929,27114452.0,PMC4937518,276,Homo sapiens (human),9606,Shotgun proteomics,CC BY,False,False,RAW
PXD027149,35211260.0,PMC8790779,18,Homo sapiens (human),9606,Chemical cross-linking coupled with mass spectrometry proteomics,CC BY,False,False,MGF;RAW
PXD023817,34535262.0,,105,Homo sapiens (human),9606,Chemical cross-linking coupled with mass spectrometry proteomics,,False,False,RAW
PXD027953,35609787.0,PMC9234706,47,Saccharomyces cerevisiae (baker's yeast),4932,SRM/MRM; Shotgun proteomics; Chemical cross-linking coupled with mass spectrometry proteomics; Gel-based experiment,CC BY-NC-ND,False,False,RAW
PXD033466,35685794.0,PMC9132088,27,Homo sapiens (human),9606,Shotgun proteomics,CC BY,False,False,MGF;RAW
PXD029833,,,87,Arabidopsis thaliana (mouse-ear cress),3702,Affinity purification coupled with mass spectrometry proteomics,,False,False,MGF;RAW
PXD014661,36136309.0,PMC9506174,24,Homo sapiens (human),9606,Shotgun proteomics,CC BY,False,False,RAW
PXD023577,34017973.0,PMC8355073,18,Homo sapiens (human),9606,Chemical cross-linking coupled with mass spectrometry proteomics,author_manuscript,False,False,RAW
PXD029591,35918900.0,PMC9346492,48,Homo sapiens (human),9606,Chemical cross-linking coupled with mass spectrometry proteomics,CC BY-NC-ND,False,False,RAW
PXD029944,0.0,,15,Homo sapiens (human),9606,Shotgun proteomics,,False,False,RAW
PXD027394,0.0,,60,Homo sapiens (human),9606,Shotgun proteomics,,False,False,RAW
PXD027239,36873846.0,PMC9977449,24,Homo sapiens (human),9606,Shotgun proteomics,CC BY,False,False,RAW
PXD035764,36866041.0,PMC9971881,50,Homo sapiens (human),9606,Chemical cross-linking coupled with mass spectrometry proteomics,CC BY-NC-ND,False,False,RAW
PXD031345,36854377.0,PMC9974300,132,Mus musculus (mouse),10090,Chemical cross-linking coupled with mass spectrometry proteomics,CC BY,False,False,RAW
PXD037652,36926872.0,PMC10061366,43,Escherichia coli,562,Shotgun proteomics; Chemical cross-linking coupled with mass spectrometry proteomics,CC BY-NC-ND,False,False,RAW
PXD035844,37071682.0,PMC10151615,401,Homo sapiens (human),9606,Chemical cross-linking coupled with mass spectrometry proteomics,CC BY-NC-ND,False,False,RAW
PXD041011,37123219.0,PMC10139975,18,Homo sapiens (human),9606,Affinity purification coupled with mass spectrometry proteomics,CC BY-NC-ND,False,False,MGF;RAW
PXD040984,0.0,,17,Homo sapiens (human),9606,Chemical cross-linking coupled with mass spectrometry proteomics,,False,False,RAW
PXD039606,0.0,,58,Homo sapiens (human),9606,Chemical cross-linking coupled with mass spectrometry proteomics,,False,False,RAW
PXD031911,,,107,Cytomegalovirus; Homo sapiens (human); Human betaherpesvirus 5,10358; 9606; 10359,Shotgun proteomics; Chemical cross-linking coupled with mass spectrometry proteomics; Affinity purification coupled with mass spectrometry proteomics,,False,False,RAW
PXD039612,37363319.0,PMC10289200,18,Rattus norvegicus (rat),10116,Gel-based experiment,CC BY,False,False,MGF;MZML;RAW
PXD037443,36652389.0,PMC10284117,36,Homo sapiens (human),9606,Chemical cross-linking coupled with mass spectrometry proteomics,author_manuscript,False,False,RAW
PXD041438,37343697.0,PMC10279469,34,Homo sapiens (human),9606,Chemical cross-linking coupled with mass spectrometry proteomics,CC BY,False,False,RAW
PXD041831,37343697.0,PMC10279469,19,Homo sapiens (human),9606,Chemical cross-linking coupled with mass spectrometry proteomics,CC BY,False,False,RAW
PXD036640,37343697.0,PMC10279469,158,Homo sapiens (human),9606,Chemical cross-linking coupled with mass spectrometry proteomics; Shotgun proteomics,CC BY,False,False,RAW
PXD040736,37399331.0,PMC10393194,28,Saccharomyces cerevisiae (baker's yeast),4932,Shotgun proteomics; Chemical cross-linking coupled with mass spectrometry proteomics,CC BY,False,False,RAW
PXD040875,37295430.0,PMC10297700,21,Saccharomyces cerevisiae (baker's yeast),4932,Chemical cross-linking coupled with mass spectrometry proteomics; Affinity purification coupled with mass spectrometry proteomics,author_manuscript,False,False,MZML;RAW
PXD027954,34847623.0,PMC9306725,54,Homo sapiens (human),9606,Shotgun proteomics,CC BY-NC,False,False,RAW
PXD040267,0.0,,46,Escherichia coli; Homo sapiens (human),562; 9606,Chemical cross-linking coupled with mass spectrometry proteomics,,False,False,MGF;RAW
PXD035589,,,22,Homo sapiens (human),9606,Chemical cross-linking coupled with mass spectrometry proteomics,,False,False,RAW
PXD044625,37805600.0,PMC10560261,178,Homo sapiens (human),9606,Shotgun proteomics,CC BY,False,False,MGF;RAW
PXD045987,0.0,,23,Trypanosoma brucei,5691,Chemical cross-linking coupled with mass spectrometry proteomics; Affinity purification coupled with mass spectrometry proteomics,,False,False,RAW
PXD042395,37395449.0,PMC10415142,24,Homo sapiens (human),9606,Shotgun proteomics; Affinity purification coupled with mass spectrometry proteomics,CC BY-NC,False,False,RAW
PXD038398,,,11,Homo sapiens (human),9606,Shotgun proteomics,,False,False,RAW
PXD036884,0.0,,108,Escherichia coli,562,Chemical cross-linking coupled with mass spectrometry proteomics,,False,False,RAW
PXD029033,0.0,,86,Homo sapiens (human); Mus musculus (mouse),9606; 10090,Chemical cross-linking coupled with mass spectrometry proteomics,,False,False,RAW
PXD038583,0.0,,24,Homo sapiens (human),9606,Shotgun proteomics; Affinity purification coupled with mass spectrometry proteomics,,False,False,RAW
PXD048298,0.0,,12,Homo sapiens (human),9606,Affinity purification coupled with mass spectrometry proteomics; Data-dependent acquisition,,False,False,MGF;RAW
PXD037894,36630201.0,,16,Homo sapiens (human),9606,Shotgun proteomics; Affinity purification coupled with mass spectrometry proteomics,,False,False,DTA;MGF;RAW
PXD051075,,,226,Escherichia coli; Homo sapiens (human),562; 9606,Bottom-up proteomics,,False,False,RAW
PXD040000,38413589.0,PMC10899662,24,Homo sapiens (human),9606,Affinity purification coupled with mass spectrometry proteomics,CC BY,False,False,RAW
PXD045791,38548729.0,PMC10978841,22,Homo sapiens (human); Mus musculus (mouse),9606; 10090,Shotgun proteomics,CC BY,False,False,RAW
PXD052022,39482464.0,PMC11621016,132,Homo sapiens (human),9606,Chemical cross-linking coupled with mass spectrometry proteomics; Data-dependent acquisition,CC BY,False,False,RAW
PXD042173,39482464.0,PMC11621016,178,Escherichia coli; Homo sapiens (human),562; 9606,Chemical cross-linking coupled with mass spectrometry proteomics; Data-dependent acquisition,CC BY,False,False,MS2;RAW
PXD025923,,,72,Homo sapiens (human),9606,Chemical cross-linking coupled with mass spectrometry proteomics,,False,False,RAW
PXD043531,0.0,,22,Homo sapiens (human),9606,Chemical cross-linking coupled with mass spectrometry proteomics,,False,False,RAW
PXD052480,0.0,,139,Homo sapiens (human),9606,Bottom-up proteomics,,False,False,RAW
PXD058191,,,112,Homo sapiens (human),9606,Data-independent acquisition; Data-dependent acquisition,,False,False,RAW
PXD051322,0.0,,91,Homo sapiens (human),9606,Bottom-up proteomics,,False,False,RAW
PXD055649,0.0,,24,Homo sapiens (human),9606,Affinity purification coupled with mass spectrometry proteomics,,False,False,RAW
PXD059118,,,336,Escherichia coli; Homo sapiens (human),562; 9606,Chemical cross-linking coupled with mass spectrometry proteomics,,False,False,RAW
PXD060825,,,18,Homo sapiens (human); Human cytomegalovirus (hhv-5) (human herpesvirus 5),9606; 10359,Chemical cross-linking coupled with mass spectrometry proteomics; Bottom-up proteomics; Affinity purification coupled with mass spectrometry proteomics; Data-dependent acquisition,,False,False,RAW
PXD045689,39349928.0,PMC11442847,60,Homo sapiens (human),9606,Shotgun proteomics; Chemical cross-linking coupled with mass spectrometry proteomics,CC BY,False,False,RAW
PXD049797,39961749.0,PMC11926780,96,Homo sapiens (human); Legionella pneumophila subsp. pneumophila lp02,9606; 1080311,Bottom-up proteomics,CC BY,False,False,RAW
PXD051014,40291949.0,PMC12033502,83,Homo sapiens (human),9606,Gel-based experiment,CC BY-NC,False,False,RAW
PXD051742,39785238.0,PMC11755394,22,Homo sapiens (human),9606,Chemical cross-linking coupled with mass spectrometry proteomics; Bottom-up proteomics,CC BY,False,False,MGF;MZML;RAW
PXD054551,,,46,Homo sapiens (human),9606,Chemical cross-linking coupled with mass spectrometry proteomics; Bottom-up proteomics; Affinity purification coupled with mass spectrometry proteomics,,False,False,RAW;TXT
PXD047422,,,205,Human alphaherpesvirus 1; Homo sapiens (human),10298; 9606,Chemical cross-linking coupled with mass spectrometry proteomics; Bottom-up proteomics; Affinity purification coupled with mass spectrometry proteomics,,False,False,RAW
PXD064792,,,16,Mus musculus (mouse),10090,Affinity purification coupled with mass spectrometry proteomics,,False,False,MZXML;RAW
PXD062479,,,37,Toxoplasma gondii type i,1209525,Bottom-up proteomics,,False,False,RAW
PXD063191,40700505.0,PMC12285722,21,Homo sapiens (human),9606,Bottom-up proteomics,CC BY,False,False,MGF;RAW
PXD061173,40804100.0,PMC12350791,88,Homo sapiens (human),9606,Bottom-up proteomics; Data-dependent acquisition,CC BY,False,False,RAW
PXD063145,40925366.0,PMC12539243,49,Rattus norvegicus (rat); Homo sapiens (human),10116; 9606,Data-independent acquisition; Bottom-up proteomics; Affinity purification coupled with mass spectrometry proteomics,CC BY,False,False,RAW
PXD069512,0.0,,116,Homo sapiens (human),9606,Chemical cross-linking coupled with mass spectrometry proteomics,,False,False,RAW
PXD065905,0.0,,88,Homo sapiens (human); Bacillus subtilis,9606; 1423,Chemical cross-linking coupled with mass spectrometry proteomics; Bottom-up proteomics; Data-dependent acquisition,,False,False,RAW
PXD065870,0.0,,11,Homo sapiens (human),9606,Bottom-up proteomics,,False,False,MGF;RAW
PXD065871,0.0,,18,Homo sapiens (human),9606,Bottom-up proteomics,,False,False,MGF;RAW
PXD065961,0.0,,13,Escherichia coli; Homo sapiens (human),562; 9606,Bottom-up proteomics,,False,False,MGF;RAW
