source name	characteristics[organism]	characteristics[organism part]	characteristics[cell type]	characteristics[biological replicate]	assay name	technology type	comment[proteomics data acquisition method]	comment[label]	comment[fraction identifier]	comment[technical replicate]	comment[instrument]	comment[cleavage agent details]	comment[modification parameters]	comment[modification parameters]	comment[collision energy]	comment[dissociation method]	comment[cross-linker]	comment[crosslink enrichment method]	comment[crosslinker concentration]	comment[crosslinker to protein ratio]	comment[crosslinking reaction time]	comment[crosslinking temperature]	comment[data file]	comment[sdrf template]	comment[sdrf template]	comment[sdrf template]
PXD040156_ACE_0704_BT07	Homo sapiens	chromatin	not available	1	PXD040156_ACE_0704_BT07_assay	proteomic profiling by mass spectrometry	data-dependent acquisition	NT=label free sample;AC=MS:1002038	1	1	not available	NT=Trypsin;AC=MS:1001251	NT=Carbamidomethyl;AC=UNIMOD:4;TA=C;MT=Fixed	NT=Oxidation;AC=UNIMOD:21;TA=M;MT=Variable	not available	not available	NT=[{'NT': 'BS3', 'AC': 'XLMOD:02000', 'CL': 'no', 'TA': 'K,nterm', 'structured': 'NT=BS3;AC=XLMOD:02000;CL=no;TA=K,nterm'}];AC=XLMOD:02000	not available	600 µM or 2500 µM	not available	30 min	35 °C	ACE_0704_BT07.raw	NT=ms-proteomics;VV=v1.1.0	NT=crosslinking;VV=v1.0.0	NT=vertebrates;VV=v1.1.0
PXD040156_ACE_0704_BT03	Homo sapiens	chromatin	not available	2	PXD040156_ACE_0704_BT03_assay	proteomic profiling by mass spectrometry	data-dependent acquisition	NT=label free sample;AC=MS:1002038	1	1	not available	NT=Trypsin;AC=MS:1001251	NT=Carbamidomethyl;AC=UNIMOD:4;TA=C;MT=Fixed	NT=Oxidation;AC=UNIMOD:21;TA=M;MT=Variable	not available	not available	NT=[{'NT': 'BS3', 'AC': 'XLMOD:02000', 'CL': 'no', 'TA': 'K,nterm', 'structured': 'NT=BS3;AC=XLMOD:02000;CL=no;TA=K,nterm'}];AC=XLMOD:02000	not available	600 µM or 2500 µM	not available	30 min	35 °C	ACE_0704_BT03.raw	NT=ms-proteomics;VV=v1.1.0	NT=crosslinking;VV=v1.0.0	NT=vertebrates;VV=v1.1.0
PXD040156_ACE_0704_BT02	Homo sapiens	chromatin	not available	3	PXD040156_ACE_0704_BT02_assay	proteomic profiling by mass spectrometry	data-dependent acquisition	NT=label free sample;AC=MS:1002038	1	1	not available	NT=Trypsin;AC=MS:1001251	NT=Carbamidomethyl;AC=UNIMOD:4;TA=C;MT=Fixed	NT=Oxidation;AC=UNIMOD:21;TA=M;MT=Variable	not available	not available	NT=[{'NT': 'BS3', 'AC': 'XLMOD:02000', 'CL': 'no', 'TA': 'K,nterm', 'structured': 'NT=BS3;AC=XLMOD:02000;CL=no;TA=K,nterm'}];AC=XLMOD:02000	not available	600 µM or 2500 µM	not available	30 min	35 °C	ACE_0704_BT02.raw	NT=ms-proteomics;VV=v1.1.0	NT=crosslinking;VV=v1.0.0	NT=vertebrates;VV=v1.1.0
PXD040156_ACE_0704_BT11	Homo sapiens	chromatin	not available	4	PXD040156_ACE_0704_BT11_assay	proteomic profiling by mass spectrometry	data-dependent acquisition	NT=label free sample;AC=MS:1002038	1	1	not available	NT=Trypsin;AC=MS:1001251	NT=Carbamidomethyl;AC=UNIMOD:4;TA=C;MT=Fixed	NT=Oxidation;AC=UNIMOD:21;TA=M;MT=Variable	not available	not available	NT=[{'NT': 'BS3', 'AC': 'XLMOD:02000', 'CL': 'no', 'TA': 'K,nterm', 'structured': 'NT=BS3;AC=XLMOD:02000;CL=no;TA=K,nterm'}];AC=XLMOD:02000	not available	600 µM or 2500 µM	not available	30 min	35 °C	ACE_0704_BT11.raw	NT=ms-proteomics;VV=v1.1.0	NT=crosslinking;VV=v1.0.0	NT=vertebrates;VV=v1.1.0
PXD040156_ACE_0704_BT06	Homo sapiens	chromatin	not available	5	PXD040156_ACE_0704_BT06_assay	proteomic profiling by mass spectrometry	data-dependent acquisition	NT=label free sample;AC=MS:1002038	1	1	not available	NT=Trypsin;AC=MS:1001251	NT=Carbamidomethyl;AC=UNIMOD:4;TA=C;MT=Fixed	NT=Oxidation;AC=UNIMOD:21;TA=M;MT=Variable	not available	not available	NT=[{'NT': 'BS3', 'AC': 'XLMOD:02000', 'CL': 'no', 'TA': 'K,nterm', 'structured': 'NT=BS3;AC=XLMOD:02000;CL=no;TA=K,nterm'}];AC=XLMOD:02000	not available	600 µM or 2500 µM	not available	30 min	35 °C	ACE_0704_BT06.raw	NT=ms-proteomics;VV=v1.1.0	NT=crosslinking;VV=v1.0.0	NT=vertebrates;VV=v1.1.0
PXD040156_ACE_0704_BT04	Homo sapiens	chromatin	not available	6	PXD040156_ACE_0704_BT04_assay	proteomic profiling by mass spectrometry	data-dependent acquisition	NT=label free sample;AC=MS:1002038	1	1	not available	NT=Trypsin;AC=MS:1001251	NT=Carbamidomethyl;AC=UNIMOD:4;TA=C;MT=Fixed	NT=Oxidation;AC=UNIMOD:21;TA=M;MT=Variable	not available	not available	NT=[{'NT': 'BS3', 'AC': 'XLMOD:02000', 'CL': 'no', 'TA': 'K,nterm', 'structured': 'NT=BS3;AC=XLMOD:02000;CL=no;TA=K,nterm'}];AC=XLMOD:02000	not available	600 µM or 2500 µM	not available	30 min	35 °C	ACE_0704_BT04.raw	NT=ms-proteomics;VV=v1.1.0	NT=crosslinking;VV=v1.0.0	NT=vertebrates;VV=v1.1.0
PXD040156_ACE_0704_BT05	Homo sapiens	chromatin	not available	7	PXD040156_ACE_0704_BT05_assay	proteomic profiling by mass spectrometry	data-dependent acquisition	NT=label free sample;AC=MS:1002038	1	1	not available	NT=Trypsin;AC=MS:1001251	NT=Carbamidomethyl;AC=UNIMOD:4;TA=C;MT=Fixed	NT=Oxidation;AC=UNIMOD:21;TA=M;MT=Variable	not available	not available	NT=[{'NT': 'BS3', 'AC': 'XLMOD:02000', 'CL': 'no', 'TA': 'K,nterm', 'structured': 'NT=BS3;AC=XLMOD:02000;CL=no;TA=K,nterm'}];AC=XLMOD:02000	not available	600 µM or 2500 µM	not available	30 min	35 °C	ACE_0704_BT05.raw	NT=ms-proteomics;VV=v1.1.0	NT=crosslinking;VV=v1.0.0	NT=vertebrates;VV=v1.1.0
PXD040156_ACE_0704_BT12	Homo sapiens	chromatin	not available	8	PXD040156_ACE_0704_BT12_assay	proteomic profiling by mass spectrometry	data-dependent acquisition	NT=label free sample;AC=MS:1002038	1	1	not available	NT=Trypsin;AC=MS:1001251	NT=Carbamidomethyl;AC=UNIMOD:4;TA=C;MT=Fixed	NT=Oxidation;AC=UNIMOD:21;TA=M;MT=Variable	not available	not available	NT=[{'NT': 'BS3', 'AC': 'XLMOD:02000', 'CL': 'no', 'TA': 'K,nterm', 'structured': 'NT=BS3;AC=XLMOD:02000;CL=no;TA=K,nterm'}];AC=XLMOD:02000	not available	600 µM or 2500 µM	not available	30 min	35 °C	ACE_0704_BT12.raw	NT=ms-proteomics;VV=v1.1.0	NT=crosslinking;VV=v1.0.0	NT=vertebrates;VV=v1.1.0
PXD040156_ACE_0704_BT13	Homo sapiens	chromatin	not available	9	PXD040156_ACE_0704_BT13_assay	proteomic profiling by mass spectrometry	data-dependent acquisition	NT=label free sample;AC=MS:1002038	1	1	not available	NT=Trypsin;AC=MS:1001251	NT=Carbamidomethyl;AC=UNIMOD:4;TA=C;MT=Fixed	NT=Oxidation;AC=UNIMOD:21;TA=M;MT=Variable	not available	not available	NT=[{'NT': 'BS3', 'AC': 'XLMOD:02000', 'CL': 'no', 'TA': 'K,nterm', 'structured': 'NT=BS3;AC=XLMOD:02000;CL=no;TA=K,nterm'}];AC=XLMOD:02000	not available	600 µM or 2500 µM	not available	30 min	35 °C	ACE_0704_BT13.raw	NT=ms-proteomics;VV=v1.1.0	NT=crosslinking;VV=v1.0.0	NT=vertebrates;VV=v1.1.0
PXD040156_ACE_0704_BT10	Homo sapiens	chromatin	not available	10	PXD040156_ACE_0704_BT10_assay	proteomic profiling by mass spectrometry	data-dependent acquisition	NT=label free sample;AC=MS:1002038	1	1	not available	NT=Trypsin;AC=MS:1001251	NT=Carbamidomethyl;AC=UNIMOD:4;TA=C;MT=Fixed	NT=Oxidation;AC=UNIMOD:21;TA=M;MT=Variable	not available	not available	NT=[{'NT': 'BS3', 'AC': 'XLMOD:02000', 'CL': 'no', 'TA': 'K,nterm', 'structured': 'NT=BS3;AC=XLMOD:02000;CL=no;TA=K,nterm'}];AC=XLMOD:02000	not available	600 µM or 2500 µM	not available	30 min	35 °C	ACE_0704_BT10.raw	NT=ms-proteomics;VV=v1.1.0	NT=crosslinking;VV=v1.0.0	NT=vertebrates;VV=v1.1.0
PXD040156_ACE_0704_BT08	Homo sapiens	chromatin	not available	11	PXD040156_ACE_0704_BT08_assay	proteomic profiling by mass spectrometry	data-dependent acquisition	NT=label free sample;AC=MS:1002038	1	1	not available	NT=Trypsin;AC=MS:1001251	NT=Carbamidomethyl;AC=UNIMOD:4;TA=C;MT=Fixed	NT=Oxidation;AC=UNIMOD:21;TA=M;MT=Variable	not available	not available	NT=[{'NT': 'BS3', 'AC': 'XLMOD:02000', 'CL': 'no', 'TA': 'K,nterm', 'structured': 'NT=BS3;AC=XLMOD:02000;CL=no;TA=K,nterm'}];AC=XLMOD:02000	not available	600 µM or 2500 µM	not available	30 min	35 °C	ACE_0704_BT08.raw	NT=ms-proteomics;VV=v1.1.0	NT=crosslinking;VV=v1.0.0	NT=vertebrates;VV=v1.1.0
PXD040156_ACE_0704_BT09	Homo sapiens	chromatin	not available	12	PXD040156_ACE_0704_BT09_assay	proteomic profiling by mass spectrometry	data-dependent acquisition	NT=label free sample;AC=MS:1002038	1	1	not available	NT=Trypsin;AC=MS:1001251	NT=Carbamidomethyl;AC=UNIMOD:4;TA=C;MT=Fixed	NT=Oxidation;AC=UNIMOD:21;TA=M;MT=Variable	not available	not available	NT=[{'NT': 'BS3', 'AC': 'XLMOD:02000', 'CL': 'no', 'TA': 'K,nterm', 'structured': 'NT=BS3;AC=XLMOD:02000;CL=no;TA=K,nterm'}];AC=XLMOD:02000	not available	600 µM or 2500 µM	not available	30 min	35 °C	ACE_0704_BT09.raw	NT=ms-proteomics;VV=v1.1.0	NT=crosslinking;VV=v1.0.0	NT=vertebrates;VV=v1.1.0
PXD040156_ACE_0704_BT01	Homo sapiens	chromatin	not available	13	PXD040156_ACE_0704_BT01_assay	proteomic profiling by mass spectrometry	data-dependent acquisition	NT=label free sample;AC=MS:1002038	1	1	not available	NT=Trypsin;AC=MS:1001251	NT=Carbamidomethyl;AC=UNIMOD:4;TA=C;MT=Fixed	NT=Oxidation;AC=UNIMOD:21;TA=M;MT=Variable	not available	not available	NT=[{'NT': 'BS3', 'AC': 'XLMOD:02000', 'CL': 'no', 'TA': 'K,nterm', 'structured': 'NT=BS3;AC=XLMOD:02000;CL=no;TA=K,nterm'}];AC=XLMOD:02000	not available	600 µM or 2500 µM	not available	30 min	35 °C	ACE_0704_BT01.raw	NT=ms-proteomics;VV=v1.1.0	NT=crosslinking;VV=v1.0.0	NT=vertebrates;VV=v1.1.0
